Model,MSE,RMSE,MAE,R2
Neural Network (MLP),0.26199060576690525,0.5118501790240043,0.38161929698722,0.5658413172482994
